[
  {
    "nombre": "Jose",
    "precio": 1201,
    "id": 1
  },
  {
    "nombre": "Bernardo",
    "precio": 500,
    "id": 2
  },
  {
    "nombre": "clase4Arr.json",
    "precio": "",
    "id": ""
  },
  {
    "nombre": "clase4Arr.json",
    "precio": "",
    "id": ""
  },
  {
    "nombre": "clase4Arr.json",
    "precio": "",
    "id": ""
  },
  {
    "nombre": "clase4Arr.json",
    "precio": "",
    "id": ""
  },
  {
    "nombre": "clase4Arr.json",
    "precio": "",
    "id": ""
  },
  {
    "nombre": "clase4Arr.json",
    "precio": "",
    "id": ""
  },
  {
    "nombre": "clase4Arr.json",
    "precio": "",
    "id": ""
  },
  {
    "nombre": "clase4Arr.json",
    "precio": "",
    "id": ""
  },
  {
    "nombre": "Lucia",
    "precio": 9999,
    "id": 3
  },
  {
    "nombre": "clase4Arr.json",
    "precio": "",
    "id": ""
  },
  {
    "nombre": "clase4Arr.json",
    "precio": "",
    "id": ""
  }
]